handle,userId
awez_darbar,163971825
ahsaassy_,163971937
amrit.images,163971970
anupasatish,163971994
anushka.sen.f.c,163972037
ashi_khanna,163972055
barkhasingh0308,163972077
click_asura,163972101
nitibhakaul,163972136
bhuvanphotography,163972153
chanakya_niti_quotes,163971430
charvi_r_gowda,163972179
chikkanna_official,163972208
lil.tea.pot,163972230
ginnichatrath.lovers,163972243
josheela_lobo,163972260
kanchhisingh09,163972279
kangnasharma16,163972295
kapilfc,163972325
kartikaaryan,163972368
kiaraaliaadvani,163972421
krishna___786,163972446
kritisanon,163972472
krystledsouza,163972512
madhuridixitnene,163972531
mahi_kingdom,163971448
rochellerao,163972564
mokshakushal,163972596
nav_ine,163972627
nayana_comedy_khiladigalu,163972646
niasharma90,163972674
nidhhiagerwal,163972695
nimratkhairaofficial,163972719
nishabano,163972744
norafatehi,163972768
ishidutta,163972795
mostlysane,163972813
prathapkuri,163972831
radhika_bangia,163972848
ravidubey2312,163972878
reem_sameer8,163972907
rits_badiani,163972938
themetrofarmer,163972964
sanvi_kaddi,163973007
saraalikhan.pataudi,163973038
sargunmehta,163973056
shamasikander,163973079
sharath_sr,163973104
sheshadri.vasan,163973133
iamshivshakti,163973156
shriya.pilgaonkar,163973181
_shubhaaaaa_,163973208
sraviaa,163973250
srishti.shrivastava21,163973274
surajdsaha,163973299
apooarora,163973340
areyho,163970962
badminton.lover,163971359
chaithrarai17,163971269
come_fall_in_love__,163971199
cricketanari,163971530
cute.babies__,163971155
thefilmykudi,163977020
hyper.aadi,163970813
kanakalasuma,163971289
meme_raaja,163971107
ncbn.official,163971402
ramcharan_dhf,163971226
rohit.sharma.45fc,163971509
rohit_sharma_the_hitman_45,163971489
romanreeigns_wwe,163971329
simplekaul,163977043
telugu_films,163971179
thedeverakonda,163971252
thug_trollers,163970896
tollywood_kids,163971137
unprofessional_trollers,163971010
virat_kohli_fan_007,163971470
what_the_faalakura,163970866
gulati06,163977084
indianfooddelight,41108130
maithilithakur.official,75282513
navvinchadam.maaku.thelusu,118285952
hyderabad_hunks,118289375
talents_hub1,118291770
funmateofficial,118293361
fukkard,118294039
entertaining_buzz,118294709
kids_adda,118296116
celebritycouple.insta,118299356
sireenavee,118299855
filmifriday,118300733
5.min.crafts,118301490
leilainspire,118302051
tiktokteluguoffl,118303865
indian.photography,118304502
audiphotography,118304899
photographys__love,118305286
best_hand_made_embroidery,118305824
bridesofhyderabad,118306304
virat.kohli,118306862
pvsindhu1,118307435
karthik.jayaram,118297975
chikkanna_official,118298594
dhananjaya_ka,118299310
iamhariprriya,118318362
pillumani,118318924
rachita_instaofficial,118320109
thizizradhika,118321002
rraginidwivedi,118321800
dhruva_sarjaa,118322596
goldenstar_ganesh,118323101
nirupbhandari,118324052
rakshith_shettty,118324517
kishenbilagali,118325925
shrutiprakash,118327960
meghanagaonkar,118328523
thehithaceee,118329007
srinidhi_shetty,118329384
amulya_gowda26_official,118329821
rakshaa_official,118330168
srujanlokesh,118331257
jaganathc,118332608
niveditha__gowda,118333240
anchor_anushreeofficial,118339467
ashika_rangnath,118340149
krishithapanda,118340821
rakshitha__official,118341405
sanjithhegde,118342229
vasishta_n_simha,118342597
channappa_huddar,118342988
chandanshettyofficial,118343443
abishekambareesh,118344714
rcbians.official,118345367
p9ashwini,118345922
rahulkl,118346422
rohit.c.akki,118346806
pawan_sehrawat_17,118347339
manishpandeyinsta,118347716
robinaiyudauthappa,118348073
rohanbopanna0403,118348521
amrutharammoorthi,118348958
deepthimanne_official,118349291
shwetharprasad,118349684
chandan_kumar_official,118349998
chandu_gowda_official,118350342
dileep_r_shetty_official,118350703
5.min.crafts,126959782
aana_pranthan,126999255
amrutharammoorthi,126964109
anil.kumble,126991299
bkshivani,127001915
balikakka,126997720
biker_souls_kerala,127000214
vineethck,127001375
chaluunion,127000490
chandan_kumar_official,126964492
chandu_gowda_official,126964688
__chekavan__,126998118
deepthimanne_official,126964213
dileep_r_shetty_official,126990581
hg_dixith_,126991018
emirates_modeling_company,126999002
entertainmenthub.official,127000780
kerala_modelzz,126999066
k_squad_dream_communitty,126997501
shri_kashi_vishwanath,127001832
kadalasine_pranayicha_thoolika,126998211
kanalu_pookkunnidam,126997968
kannur_logam,126999703
karun_6,126991405
kerala_cricket_fans,127001477
keralafashion360,126998368
kerala_fashion_street,126998427
keralafoodie,126999514
kerala_politics,126999985
kerala_snapss,126999361
_keralagram_,126999180
lalsalamkerala,126999881
malluposts,126997837
monjanz__of__malabar,126999114
my_kozhikode,126999607
navi_stylishstar,126990808
99neerav_,126997664
nikitha_krishnan,126991158
olichottam,126998276
otta_chirakulla_poombatta,126997913
photogram_kerala_,127001547
poornimaindrajith,126998515
pottann,126998326
rishi_skumar,126997410
shahsamil,126998028
sanjarikal,127001168
sarithajayasurya_designstudio,126998624
shwetharprasad,126964343
soothransheru,127000828
telugu_film_news,126995537
the_viperpilot,127000072
thengakolamedia,127000715
thurumbedutha_radio,126997782
trendz_of_kerala2,126998684
troll_cinema_malayalam,127000965
troll_football_malayalam,127001434
troll_kerala_official,127000655
trolllovemalayalam,127000438
trollmalayalamofficial,127000559
trollrepublic.official,127000606
trollokam,127000895
valmakry,127000148
vandi_bhranthanmar,127000357
wayanadan,126999788
_tamil_whatsapp_status_,126963975
actor_nikhil,126992002
alluarjunonline,126991595
automobilemag,126997053
automobiles_hub,126996782
classicalmusiccovers,126995196
come_fall_in_love__,126996051
dearannart,126993548
harishankar_photography,126993649
healthfood,126996216
hockeyindia,126994227
honeys_pencil_art,126993405
indiafashionstyle,126993758
indian_culturee,126993990
indian.photo,126993696
indiancricketteam,126994351
jaisalasarbalaji,127002414
jrntr,126991658
kanhiyamittal_bhajan,127002274
khatushyam_darshan_official,127001965
m.s_dhoni.7,126962729
_mahakal_sarkar_2112_,127002568
mahi7781,126994833
pawankalyanofficiall,126996561
pencil_arts_group,126993219
rahulkabaddi,126994443
ram_pothineni,126991768
rashmigautam,126992611
rashmika_mandanna,126992532
saina_nehwal_fan,126962897
shrirambhakt,127002493
shrinathjitemple,127002619
shyam_diwani_,127002136
subhash_chandra,127001649
sudheeranandbayana,126992690
sunrisershyd,126994084
tamil_alagan_dancer,126963151
tamil_love_status,126963424
tamil_status_saver,126963701
technologyreview,126997132
telugu__tiktok,126995475
telugu_love_whatsapp_status_ms,126995802
telugu_memes_fun,126996173
telugufilmnagar,126991535
urstrulymahesh,126992819
varunkonidela7,126991875
vennelakish,126992171
wat_status,126996118
wweindia,126994547
5.min.crafts,134798508
amrit.images,134785919
anupasatish,134784487
click_asura,134786033
bhuvanphotography,134785591
chanakya_niti_quotes,134783572
charvi_r_gowda,134785183
chidu.ln,134786110
chikkanna_official,134784795
lil.tea.pot,134785773
josheela_lobo,134784237
mahi_kingdom,134783626
mokshakushal,134784168
nav_ine,134785821
nayana_comedy_khiladigalu,134784709
prathapkuri,134784647
themetrofarmer,134785726
sanvi_kaddi,134785464
sharath_sr,134785662
sheshadri.vasan,134785875
_shubhaaaaa_,134784915
sraviaa,134785982
surajdsaha,134785297
__tamilbgm__,134796278
_tamil_songs,134798017
_tamil_whatsapp_status_,134799374
adityaracing,134794660
ajay_289,134795038
alishaabdullah,134794323
appooholic,134788002
bharata_natyam,134799443
bharatanatyam_devadassi_dancer,134799605
cartoonvideostamil,134786591
cheralathan_dharmaraj,134793999
cricket.fans.india,134784014
cricketanari,134783915
dancerukmini,134799766
devarajan_olympian,134794228
dharun_ayyasamy,134788086
dipikapallikal,134787862
jntennis,134795300
joshnachinappa15,134787793
karunchandhok,134787607
love__beats___,134797603
mbhupathi,134787164
mohan_ukkrapandian,134795419
mvj8,134795522
narainkarthikeyan,134787464
nareshnitro,134794434
naveen_volley,134795365
niranjan_bs_official,134787673
prajnesh,134794934
prakashamritraj,134787324
prapanjankabaddi,134794099
rajinikrishnan,134794539
rajivarokia,134793929
rashwin99,134786987
rohit.sharma.45fc,134783840
rohit_sharma_the_hitman_45,134783769
saina_nehwal_fan,134786773
saniya__mirza,134786827
sathish_weightlifter,134787067
sathiyantt,134794823
sharathkamal,134795149
shinchan._.tamil,134786375
tamil.music_,134796818
tamil_alagan_dancer,134795787
tamil_crazy_music,134796880
tamil_love_status,134798749
tamil_music_lover,134796018
tamil_music_on,134796574
tamil_musical_lyrics,134797340
tamil_status_saver,134799137
tamil_video_songs,134798212
tamilnews12,134786678
tamilsonglyricss,134797098
trendy_tamil_songs,134797851
virat_kohli_fan_007,134783712
yeshua.fc,134786903
handle,userId
